"","setosa1","setosa2","setosa3","setosa4","setosa5"
"setosa1",0,0.53851648071345,0.509901951359278,0.648074069840786,0.141421356237309
"setosa2",0.53851648071345,0,0.3,0.331662479035541,0.608276253029822
"setosa3",0.509901951359278,0.3,0,0.244948974278318,0.509901951359278
"setosa4",0.648074069840786,0.331662479035541,0.244948974278318,0,0.648074069840786
"setosa5",0.141421356237309,0.608276253029822,0.509901951359278,0.648074069840786,0
